{"file_hashes":[{"block_hashes":["ydmK2RRCa6LjbenpIgNPKbQ06h7WOM4qiC8WZuFBf6M="],"block_size":4096,"path":"action_android.png"},{"block_hashes":["tkJ5FrBJVhjkBNTIqW4VcppV6senM3VY4Gew4h4uxas="],"block_size":4096,"path":"action_cancel.png"},{"block_hashes":["Z0C3QYwxaPhKP4Y436mWEMxs0WcbT0+VbePoLi0SAHQ="],"block_size":4096,"path":"action_halt.png"},{"block_hashes":["0LujPNQj6P3boK7hXNh7cJu58BeCmRrDefRH9+5pDgI="],"block_size":4096,"path":"action_overflow.png"},{"block_hashes":["dKItqCco4EOyklD8u3K6uiyN93Go9Z67rl6l2nHNr8Y="],"block_size":4096,"path":"action_reply.png"},{"block_hashes":["6XxEFchBafvRrTxRVyil9hASTkMLDSM3Mws0VgVbppo="],"block_size":4096,"path":"action_tick.png"},{"block_hashes":["dpm45j0upvLAtBGVk/VDIYz/XGvRAW0vv6EHq8yvdvY="],"block_size":4096,"path":"action_undo.png"},{"block_hashes":["8Mjw7rloN34ncYJZeOzCDI2L6uHLB2LylhZ7qm+tPYA="],"block_size":4096,"path":"action_web.png"},{"block_hashes":["bSJYoIubxuUNvHXqwwIaZxQAu8LTgY516uLbySs+DHQ=","5uiYcmbt448uELR9YZUt2JphPD2mHvuF1cJ3DT4lZ1E=","bEeM4rghq39ejVZRzfOujlvLtEHQySByZ3ptWiFlbzM=","aB3cY9mnTZTmpbPEz5pER5M8X111LFQbhzz+C3aBWp0="],"block_size":4096,"path":"alert.ogg"},{"block_hashes":["BKCkgqkTaUJlteJCwuAvnKb4dHTAGM0UTMmvvCa/T4Q="],"block_size":4096,"path":"alive.js"},{"block_hashes":["CADw/54M+3vOyI8bNBg7zDPmFvrp1YTCYMGmqEObDeU="],"block_size":4096,"path":"analytics.js"},{"block_hashes":["TndWVXzpZbQAOcDSuat7HeNzVtN0emwemRLNP+JrScc="],"block_size":4096,"path":"awake.js"},{"block_hashes":["5A1ZU7ZhgWf7nblKd/xVN3upla7zSp3ZT8Qg03jUv6M=","LA2bS1uciDh1nnR8wbXhrLQ/vpI5hmG+dfYgKbL5Lvs="],"block_size":4096,"path":"base.css"},{"block_hashes":["WnItMs7y1eHUL4bYBxp+k4OHp984btUkbuZHSm+t/tY=","gS/BlndGZUsG9RYbOuslv3LaPPAKdcMIJW2MBV8B3Rk="],"block_size":4096,"path":"bg_apple.png"},{"block_hashes":["S5TGqvaZZP3UMT8VKL38cX0PaXCyu/e2bGu211/AEOk=","EIrwb6Itk7apw/l/oCSkIs8R+yegh42Pl8Q0OcJ7f2w=","YBBvYqVFYDMl81Yb+KHMfjjxXrDXUaz7l+h/3UGbcTU=","D0dFf8DCYBKpwO9VKwu3Am5oa+6etFWk0IPH/900Fh4=","egXmjnZwtEAyu1wXdkNfQVRLlmo2lXhRXdik9JVrxRk=","ILYoNtie+NSpD3HX+pf9Y5jpBBGCape4ZkU7M8TLPT0=","NBrwic1wSlygIE58H8xc024soWRT4aMo5RXj7CalIPI="],"block_size":4096,"path":"bg_sam.png"},{"block_hashes":["9MviY6DrYb/6NYui7PJjMV1XSN9IriFsVuH4mzjHk+A="],"block_size":4096,"path":"bg_windows.png"},{"block_hashes":["qwngRzSYRi+pkDQV9/EqI1IVnmnRMycAQjWXpMKewM0="],"block_size":4096,"path":"big.css"},{"block_hashes":["siFZsd4EhSTeUxqlTbpA8j650lZwlXYf1eoNOHoR/aM=","eZImsXPZkwtyDfq469s+a4KZ0b/u4iDqYqZFziZmPzk=","f7V3k1A6hp/ZrUY1XMas0g5K6AHos21uRtQ0Yw2wdbk="],"block_size":4096,"path":"bullet@2x.png"},{"block_hashes":["kRBVDMnAbEgr0P4YpP+s9cqQcIli53EF7L4uC/Rwbx0="],"block_size":4096,"path":"changelog.html"},{"block_hashes":["Bw0zSSiwqT3KtN7LUuQrDxuRrMZzaCcROH5JzFY/JYo="],"block_size":4096,"path":"changelog.js"},{"block_hashes":["3Xaq4GvPf7ZVC86u04RfcIzB6NrVWFgGySUrNH+IUFk=","cQavNsJjeWZkukbmAOGybXg+pMBL9HlKEF935nXQSoA=","06JJzknEUXvlgPXCAWjZqP8tYFXCd/JxQTt1rExFlIU=","4zUjPjvdcE1nfqb9I6/KvnZMFFAyHwWnejRjpO0QyDw=","5mLJhIh1Nms8bRmSyQEa2A/f/5JNWxCJcQffrga+ai0="],"block_size":4096,"path":"chat-push.js"},{"block_hashes":["i/X3tGdsSi+BlkVM1b2ulJCasjU+8zHqEadBj6k7VaA=","X9vbTWkt2M3AJfS8UuVmsaWZ9shKJ0HXObx9PfUzRLU=","rL9MNpdyarsTIHXS3f77dPly/ifJEghh5tcOJoesnMk=","EQNjyQtZuSxarEnri1l5dmLN5Z67VEjgqCtaBjRsg90="],"block_size":4096,"path":"chat-sms.js"},{"block_hashes":["0k8nYskOMuAbquXww82Vk51gqAxIuW1rWK90J0E0bgg="],"block_size":4096,"path":"chat-ui.css"},{"block_hashes":["wD3c7QrZPeFwUIqLbuBKjTr+0gLO/Gm/6eTlx+XrDb0="],"block_size":4096,"path":"chat-ui.js"},{"block_hashes":["XL1B7OUSj3Z0VwMjALSwxwuoepMEMZimxaOHSkNxyzI="],"block_size":4096,"path":"chat-window.css"},{"block_hashes":["bQLZXeMi2PNSzL1U8fDFY9gestz/iU3aJfehoVFl1NY="],"block_size":4096,"path":"chat-window.html"},{"block_hashes":["kiRQ/qkqZdWLNIMy9yQRlqS1el+srfx6e+mrQYrkWeQ=","1EXJzKA7L7S8iFhIcfSJkuafqZK75K05WhUJHrYN7iw=","BDAoTCk80muD0oj7EwKkgOi/N3y7jfBCAxLaYY7reaM="],"block_size":4096,"path":"chat-window.js"},{"block_hashes":["RP7rnganeNfGEGuAG2LQ2F47xAYhUs2MSgw16BPM88w="],"block_size":4096,"path":"chats.js"},{"block_hashes":["7LE98VUcqj45Iaoaympj8OOnUtdGokXw2ZyqQ2Sp7jk="],"block_size":4096,"path":"chip_add.png"},{"block_hashes":["rWYGi3uQCzBPsQXPEoyrT++yED8Ak9M42EfQUgrF9+Y="],"block_size":4096,"path":"chip_browser.png"},{"block_hashes":["gfzXt7Ni2Uo7SHz4hmAOMldFz2Ph4LxS+uGFv4bwIhM="],"block_size":4096,"path":"chip_channel.png"},{"block_hashes":["OglQCb/dnlN+SiFRE0q/mKMw8H4iJD1e8vAmjZaWxxE="],"block_size":4096,"path":"chip_desktop.png"},{"block_hashes":["GruIUJsJU0oHaulm1ASdvP/WPwCzQKSgK0wEBNvaAac="],"block_size":4096,"path":"chip_everything.png"},{"block_hashes":["ZXCAK273/PdtmS1/L5TuS1PPG0K78LUgSDzrNNORlrY="],"block_size":4096,"path":"chip_group.png"},{"block_hashes":["+lJCRTATzrrBOOz6NHZzD5J1meA4PhZxgvrCNrQ03pE="],"block_size":4096,"path":"chip_home.png"},{"block_hashes":["yDEgnv87I70LiMnfk6vsf6KYyBtiRQvGITlHB88Kt2s="],"block_size":4096,"path":"chip_laptop.png"},{"block_hashes":["IKfJsSt/aP/VC6aVvnnBGtsi4t6c66nLnq5wiPMU+1E="],"block_size":4096,"path":"chip_other.png"},{"block_hashes":["7F9Eb6WAEWg81wVV0T+E8Yz56aorK+Nv9nbpOjf+1AI="],"block_size":4096,"path":"chip_person.png"},{"block_hashes":["XMJ5iRQ9RxQ890GZclDdGrpX3OG10bOxrLL6+D2eIkM="],"block_size":4096,"path":"chip_phone.png"},{"block_hashes":["0Et2EePRrhpYCmGg4n8/OadETv9fSu/D8dy01rXiqjA="],"block_size":4096,"path":"chip_tablet.png"},{"block_hashes":["OWfS+dtT8Mwe6U5BlvI2P9pObMIpb/sl6O5/lNrEshQ="],"block_size":4096,"path":"chip_watch.png"},{"block_hashes":["Gx9sv/D3qs5DWHbeiO0YJYDBXHaOUqwjR42v8niVLMs="],"block_size":4096,"path":"chip_work.png"},{"block_hashes":["Gk8Qj3panyI/xsSuZ0sFJXwR4cG0Nq5DX+sPWbyFuC4="],"block_size":4096,"path":"clipboard.js"},{"block_hashes":["lYBYQ8K2kVHUGjB58bypVApVLRjXF0T75TDecWClCXs="],"block_size":4096,"path":"connection.js"},{"block_hashes":["47DEQpj8HBSa+/TImW+5JCeuQeRkm5NMpJWZG3hSuFU="],"block_size":4096,"path":"content-script.js"},{"block_hashes":["2cPMCcB7SVUUBpx4Kt/0WTpGz4sdnCs1et4V/8z5RUQ=","mlaaI3YGupBcQl5qDJdYv3JQMRiWYuLXIalIIqH9sfc="],"block_size":4096,"path":"context-menu.js"},{"block_hashes":["7aL3mG+dcxIMPtqH3RmmkhBM6x27gPX/rHHxp7SrCTk="],"block_size":4096,"path":"control_popout.png"},{"block_hashes":["EliNVeNr/Zpq0ximQu2HgWRq0h/NufxURlvyZz5hIoU="],"block_size":4096,"path":"control_settings.png"},{"block_hashes":["oIhkDTMr/2Z4GZxOtA/VtyZAaFWC6u1SXsPRAcpHb8Y=","3vRUn1vAVfK6DtcCY8tHogIokk615uef4hDR49rBfVo="],"block_size":4096,"path":"device.js"},{"block_hashes":["LnJzWGg/XQNugfgFprogZ4ag896ubz1xyf7H2jcf1Q4="],"block_size":4096,"path":"dropzone.css"},{"block_hashes":["RzsGMQssFySfgCW4yW0WRAWsfatAda7tsHktBas2SHc="],"block_size":4096,"path":"dropzone.js"},{"block_hashes":["0xml9acQRB+y6d2LTh3YqUe6+lW24sYNuHawSKbJo2w="],"block_size":4096,"path":"end-to-end.js"},{"block_hashes":["ilKgYxF0IIBpPniJZ5L+kOhfnedPPuV06SfzCLX4V0Q="],"block_size":4096,"path":"events.js"},{"block_hashes":["WEP6fteLzkHwoJBR/Y5SANpeihm91GX142wiUL+K8Lw="],"block_size":4096,"path":"fake-notifications.css"},{"block_hashes":["ZlhS6QJgLaTvzFEA/O4zLRjFfnI0WjLu+93IHd0/PaY="],"block_size":4096,"path":"fake-notifications.js"},{"block_hashes":["hMuJibOcZDw1aEPlODpLzL/SIFBxhGdobTYCeYoPg4o=","JVPXDW6Otw7YtqyXgT5gchSFMbqMquJHJZcsO1dexwE="],"block_size":4096,"path":"files.js"},{"block_hashes":["+MmkbOBbtvk6zpfgzu8fjQTWgfG1sKdxDUW0mJI90/A=","G2LSQAq5LyYExbveyFrRXXPSYIyNM5+g6R8U2fuGqiE=","9cLxJjYO4LE0bJe8XUWHfrGusgbM9CreMVreUt/klqE=","EpglloqxQKZr0W/+XC4mvETxrrRvM6d9kN7zMdmhp6U=","0bPdvdFgZimo1VYkede4I3m/Ych6OW9J4BkOWn16XDc=","BW7hNSABXKrnLAM1OV72gR6pneoP8VUKiBpiLunZ2ds=","T3TX3HMu4PruNMKbPLOG1Jg0CEUYVgdoobK0z40YzMk=","1Y5vFVhsAnrMjRXUIN/T6FJTofHLMZ8krAs2qPD2uSo=","PPd1E9nxGUxPp8sJrbSFTKrk8kn1nNIliZ3CaA5G1XA=","L7SYQj9QItG1RRCbpEcVsiL2hLbcERmT2TYqERtkbmU=","6xoTXo4tNaGT+Z0Fgk/zwdLBc0sqITq+6NwaJ5f+7wQ=","NfexxZbzACyEGlT6EdLUD7/q8VRXn/FOTEBCtVdfw9o=","4RF5SAw8J8U5ikuUaSVoEbfiF0eZyHwV46Qz+42lYes=","OFb2bZz9bUm0fApd0jKgfj4iVaYgN0RqWLpLMoIzjSg=","WXtl/JOi3QPTkPmkIOwn4l7a9BoEFCe1OfOP8gD/hrc=","45mr/LKY9cRV+1Bc2n2/LYCiCDDEbFA7bluJRkj7KMQ=","2tUrXl/9WlHNceyTYvKGDNadweLnOCCOkRYFrP069Zc=","270ugzBVIweEcpegOf4+NNiW6zYvdvB/2HkyGB3+dtA=","Yg2tB7IEX5J4mcXrp5tEQSgDawYoVyFVTx5nb4Vx/Y8="],"block_size":4096,"path":"forge.min.js"},{"block_hashes":["B68Flk4qLCSBA01dLJUo+IB2AxhFkKCAW5K903CxkqA="],"block_size":4096,"path":"http.js"},{"block_hashes":["Gq0ucTUk8xnKHPLBOjI1U+tQMAYEhILDV2TXTi5+xmk="],"block_size":4096,"path":"icon_19_gray.png"},{"block_hashes":["Di2+SpPzqOQhgCL2n0HaF/wFuNTRnPsrka8xUSuH0Bs="],"block_size":4096,"path":"icon_32.png"},{"block_hashes":["o/KF9WhGgpkjt9H/tYiJEkPsNNPrEMZEzcdXR1G6A/I="],"block_size":4096,"path":"icon_38_gray.png"},{"block_hashes":["94MZSyOXjirHoZzR5otqMhvZW60ot8oSbsLNvnylp38="],"block_size":4096,"path":"icon_64.png"},{"block_hashes":["cHNJTTzPFne5W9z0KeDUp/f/D0VNhzzi8ZMwv64Cl5s="],"block_size":4096,"path":"keyboard-shortcuts.js"},{"block_hashes":["0hXGavlobNnhcUGWs9T2Wif7y/gNzWuNfjxuMxzRd3w="],"block_size":4096,"path":"link.png"},{"block_hashes":["pHe8WHdYh7b+0xyaeBxEhPKLYsH7Vc0WPMtgoxrsIQg=","xViCcJSn/TtMDCVKdIb/jJTzCvtwZpq/JKXHq7gIEK4="],"block_size":4096,"path":"listeners.js"},{"block_hashes":["7pg6mbsKiZnelcGkMujkGWub+Zvg+6a4C0J1QRVGfrg=","HXHFktn2p3hMdTZulsWgtGc0YWrYjflXaHXrIHGtaqY="],"block_size":4096,"path":"local.js"},{"block_hashes":["7Wkc4OTFLsM2FpheWNVC3lzMTT0RnHo3jf/AFGyUxqc="],"block_size":4096,"path":"lock.png"},{"block_hashes":["YkmVyyxcOFzArisn+fVTqIppVFvO/rfxIK504VzW82E="],"block_size":4096,"path":"log-request.js"},{"block_hashes":["PMPuNVT8hqkiOoVONPqxYOkGcMZkJ6SYGwf6pPkc46A=","GOOqKyJUXSIzSYV4bwnwdDmJOCy+JFX7qlt/n6pXE70="],"block_size":4096,"path":"logo.png"},{"block_hashes":["pOZ71j0sEGcyn1VYxjcdtZi0IzGSzk2qLmJQeIoMoYI=","7xThkZm/SEzTXcr4/HQkxKQDTgczz5qzm4EsqychFZE=","8JixzEr0/aZJ2kwVa1wIMu9RMALYO7H+JAkt4e+iyW4="],"block_size":4096,"path":"logo@2x.png"},{"block_hashes":["qZ8LSVCap2yJEQSK6SXgnntpm0VP0sEvFLi0V6Qkh6I=","U17dTa4w1bweT9AbBnPxgOoW7W2OYWQc1JmozEheRds="],"block_size":4096,"path":"main.js"},{"block_hashes":["BOoq2Z3Re6KA3nLd9FOSP5rk7q/k19W+eLflPE6jGMM=","hj84hJ6tMyYa6LySsymMMR//u18Ji3rF/czFcCHLX5w=","cRDwMj7orMT/5cC2vTyesB296k4mp9xqOsc1DsiUruw=","ARQsiZMZ+w8tEHjD0T+1nHSzIRWtgkaiwLiVbbb77So="],"block_size":4096,"path":"mirroring.js"},{"block_hashes":["O52OVc0R7q44QSAexwUi9sTd79bwyLYicQNuQxZpA9I=","cB2FJ9oqOlfF0wiaQjbz+Olgr9bXIiTOCT/0lmqvlbw=","65a4KCaW29kWATOOOAw/AaqOSsURZ45lS931md2L8FM=","qWuVIxG+1HNpbURjE68iLWHZwEpFQgPXTIYpF9S4JQ0=","8HW8Jvx2luw6MZ4OjUtR/ghVWtJckSn/T6uR0ucBmZM=","tiytQdPP7bDnVyVdz8cq+54LZzQE5hMAId7IgqJ1GJo=","pvoNgiVMUePaG7mR1iZswP1YcxdrvbFYw+s+Su8UcHU=","94pIFZsQa61z/2DnhJ42iNXtzerOTaQqav3+HQ9MM0k=","n0DUWkJl8DuyMYUWdNoyOcFFI49UYdaoJOCFNH5eK5A=","qFhS+1Nt8GdY8okOmrE4aoBvoFY5C6T4UdRztnaheV4=","RkknEicdpiHaaJzN6+6S4eo/oqxao7q57PLdB1JHLLA=","1MQeC4j9DawuWPg3cdw+7bRX5OeY4cAIPsNz50QPQHg=","9hmKMXN4a8b5+Mh+kHDEHy//I2YPQOLwoq/dC9fXkik=","icY9NFXQdL+RdLYiYvxnIed5rn5+HFKNFi3+PfTRrGA=","dultczba+d9zoc/yAvirhfqkfnZJLjJy+OIcof3N208=","HklV2ZK8WEgoYuH26eE42Z09fJ+2cFIBcTh7cZ+UuiU=","Uo9/yiMOAQQvoyvr05KpXQzMXnV2a/SDAxCGDHlzyfE=","ub2SVs4n1rFiY0aPG53rekwj0181C14/5Mgv98AIFn4=","yTaiQC7J8lGsDpuKo9ElzB7m55inIdx+2bE9vYAbD+s=","WEhvy0MP67VE/heTBsaEznIWEr71NaaaBNCElxURz8w=","3iQpg1wpkMbgD9ArIkVWtWcj4u1xfe9d3PeXR0OMYDw=","7cCsGZXR4sEXmHuR0OoyDAbunvHVNMMvkeM1MX33quc=","NUDfKR0X5ScDwGautAtaCUbjvFeYu27b/FOkWZpynXA=","6dj0l1NWqJXhpAd0bbzNZ3I9IziUuXWkpEuo60aBkOc=","BBaw5+IFqkW09LE8qVwmhCKlWIJa+Eizrk94M2VByvw=","+PqR2jRMwGbYgOtlbenO8YmCium8+wwu8xLOzhK3mok=","zjUK8LEvLHUMVfd1U+iTPvQcLrcKbAS0wFyaDBlZMXg=","kcXtWOVbRlqYzG2NYWl5zDI24nktm8K8Y4Z11qwH8zo=","+eVMEqi2UB5hXnPnfUQOyeb5lzrCi+QZwcenqbaTgpI=","IW9tU5ZxO+jvH86b1zwaJsEDvSqPNhy2qqVUScOyhjM=","lHnrMA7aY87rtxAVz7UnI98Kpy/f2irxE+HduPcNc9o=","0pgCjRLr7orQC4t4N5yAW9dFikWkv1BMRc2t6sNdRPM=","vKNd31GhDEgsGEH504aswnBp/Rw/c0Z0B6dVYO2P5yY=","3In2XRuRefTcECS1YPKSOtTexkIJwrwKP2DKI3hLi0M=","HE2TjyJjoYpxdYKvcfvAsHRAenEAKozUAj7U1REhZqI=","3GXgThk92/iibZwIhu5/OwsWB4Fzi0pECYuPwRxh1D8=","9WiDi3cy1X0YzYfQEq5jzMN0JOn2aO1hI8N3W90spF4=","V4QLCOY/5t3wr7N3xC9WUk4PK8/s8ET/vCsNKlTyV6I=","keUEgjanqreweNb5f4KT4kCHlQ9b+xcWNyXhATk5QMs=","6XBwOdNJV/FC/5x8pDwCJCi1PUeb+6AA+p6DZwIWgGw=","Wv51RsTkk7e7B9UxuxEM9ehRK7iG80+CgOiIEKrFn4E=","qcQS7FMjungOAU2To/ylcQ0MJMc/kRfugMS9tG4Oj+U=","rzRzpT8GtyaDUKqn2NORIdQ+4pNgrxYmhr+Duce8xTg=","SD/3M74LOzDU1gaD/CB0ldioV0wNPWeAgi3x0HMYZPs=","EIGSEWAYgXUwNWmD93d7D1z0UtJ9Ddc4QXwmTLof2gc=","BYWtHdkKEe8p8daNNLWVe60HcTmfTT57j6XyEGGxIog=","+U9H+zdZy4Q984NBnrMbLxIDjUMmYA7SnO908J/u8iY=","Kv/C4cLFQU4cSvfzvUa/6El6aOGJRa0tszlXBZ9R8cA=","k14Wg5QlCKhs59iajmsifVdccGLJC94mUnWF+dLBh7g=","Dg7GKz1c4Wz/lGzBY5sLTPxiM+/2dFbARmUcKUOz/rE=","XYedKK9LPyQiZQRF22NvuJX4DfY8QvYPlqujzklhiCQ=","gSbFvVzxoEUCqHF+/8/ornyYqI/aQV18Mk+l13Pwoy8=","GLECkRbFtq+BMHMad1i0UKWonbZyczxDIsKkeKTGWT8=","ZfSs7owWCehkH/O9FBUKGXt32Gdo5k/f1x2XejxPWAc=","BuG8E+MWBazMALr/Xal8MZzA3cbx3BBJb8AzZtwPgnw=","/ml+x6HlXHWwIwlBkK1wps7bzwLgGr5vjRP0DLz5huI=","hC7cPdb0ZFcyf5/a9ss1atiWjdl4Utr48dtynx8/2k0=","6ur2zBWwH5vNs9FlSO4OTPGdo6vcKwxLpqU8ohlPN4I=","8K0LIevvRJb9dGn3ZUaja47exPJ86WwlSNvPJqkMaeY=","QIP4WYefRf4vGSujMJhDXP9jWsNl9svjbS1RUgMfQ3g=","3UmRK0JmU1kqCK8OH8up1S0Tjl4D+Xqf+5CpJCcNmEw=","fcwXnJ7zpcU4/jbM6yqVklw/T1usFIN099hhseUg2j0=","yQtjgREjzCERBo2z/hIpjyRpe+Nlp5cOFIsg7yCYJkM=","XayNusYs9YjUDMe6wphEtmQYa2IL2HntCtmhdUbTDr8=","CI28Ev8NRAIqP1xrdO45P9NJcwwZsSJI6Rizmnwb9po=","FHxrry8xly7cd6oP6+4Nn5Ivi5/bfHRW6dPBBQVQaOI=","mQ3E2tNar+yQMh56SYUHOa6QPijAAK8pkzz6FAX1oAw=","GyiEwgdPn0RAa+FKcSh9pyw7bzVo1d/byWmwX79zrI0=","NjWnKhQZqFDRCfAY51vGrtVpBXOT+tO8kAgFR0gM288=","6ZzHnKjY5XfJg/vs5UJF5ouh6Fy+Ex4AAK/VEUthl+w=","dTaqSEgIqOWdgN97eVi81AEhLt26336oxFJTAuBc6Fo=","4O52GMo4SmKMFSHUiPhm+bujeKdkedSCIWlim8ZQWEM=","Kigo0bAm9vUERDOrPaEz4KYOhrtxxlQUUjtRpDNSCyU=","qYYlCsW0kk8absxeiP9Yy5JsLF0rHok5K10niv3KoZQ=","Aoni67oZM6bniOOegbvxlhl4+mqqHedJs29Y1LPeLtc=","7snFagUeRe6bbzqw028mZdqImKI9kyxQeFG6l3L+/YI=","HJzKb5g5A5dwBejFLsn8rHRxRS03JI3U0DVJ/F/ltjQ=","850DBTGc6zXadsf4UQwuBnr2jA/bBGI1cSvm4UO3pks=","HX2RWhpTByuyMVHpmeemLh38BNBIfoTtCHQ66x7+vUY=","4INsTusHBNqoFo3JLsiRReRtAhPqAGQowBS6wKL8OGU=","V1mSAz3gIjk8bZMou9erjXiW90uelgj6l+fs8m4GMcE=","A2lFpn7txMN6kHmFI+slweDcOSn4C5g0te0kendF5W4=","Q7xdlY3tdG5CQWv3b9HA4CakZ60nIvPDFz92iBnDgzA=","x7IS7PvI9XxsF7Dumyp8CW0U9C/RE833M7hPcGtS5yA=","lzBnxOZK9Vt65SHoMMSnq/zof6vLkPTUaV+Nn3ifFHA=","QUYZRKh4LxZyA95fORhfjA0W8yzqXY52vd80gU72/5A="],"block_size":4096,"path":"moment.js"},{"block_hashes":["UOVEaz1kEaV6aU4Jl8XQhQuPuKnkCvMhOkA6LwMwai0="],"block_size":4096,"path":"more.html"},{"block_hashes":["FZGpGw9WnB0YJVTqIFZZ2q2LlQOWdGOjNEsU3ImC+Ss="],"block_size":4096,"path":"more.js"},{"block_hashes":["c1DQwZGQYSKCFA4w45L9mqK8308FAdfzirn+dj2/gGU=","U4GJ43nsQtl278am2Zc4U/hGOk2t7fw7H9SN7pjNvJM=","oLe5EKoQ32nFAeIPH7aDsUVzXKCpMTMbRbPk0tsvgek="],"block_size":4096,"path":"notifier-chrome.js"},{"block_hashes":["e0zUAmiFmKPviZD+0X1aQuuz5G03aJivgoSvLAofbms="],"block_size":4096,"path":"notifier-firefox.js"},{"block_hashes":["8RG7tat6XeKud6PT8WLTHWKynb8DGNhO4K+E56bsPqc="],"block_size":4096,"path":"notifier-safari.js"},{"block_hashes":["JdqlGlKYCE6g0wpLD02yK1kpBRPK2eb707LeiS/1CBA="],"block_size":4096,"path":"notifier.js"},{"block_hashes":["Nij9mqPlMv6FBWKguXAoNuR9Ot7EXyFVYlq36zGHFe0=","f+5wZ8nkzdh88wXNbZqwNTPctMjxW1bZ8Y9sgSBRlB4="],"block_size":4096,"path":"options.html"},{"block_hashes":["4HGiXikRXlu2cdHBIRjjWqDwu96udNcxa1nWKJdI6eI=","CDyOBXOpsjYJ6DZU0a3dFqoxTmWDvLxVJbyj6eSdmH4=","z7OJKDHUJGpnzBDqUBqUzRo8OT0mzei64Mk1lgM0EXU=","9KxHerb4pFmnCHdMUTqcDswSpWdhoqraAqJWe+1//Os=","PJ+l0EL+33wKSTWhZYfwvZfZXdTZCHbdo/uzP9DokS4="],"block_size":4096,"path":"options.js"},{"block_hashes":["G0R3xUKIZ5k6LG/oPDzKxe/xvZSYj054mjITEOBNCGk=","NQ3BUVKeXmJbRgNktX2YwrXIuuDe3maBPpkWHJhnETM=","o0E1U3ygWf+xzdRsnYiz8XbXZAYX5PxRVGt/WSFxnRw="],"block_size":4096,"path":"page.js"},{"block_hashes":["fYD/CzRSgiI9QUKtzWbZA5moFgYPSjHIpQEdSPdeuL8="],"block_size":4096,"path":"panel-messaging-push.css"},{"block_hashes":["N9tnlPwPnGmZHdcXt/6W/cAVQPhbGfIRWL4maL603gw=","NmsiePAZ0dvxGw82E/wBMg+g0exXgrldrwAhw2YVgdU=","5Xyb/fj3Qs4ot/WmUaaxku5nz8uXWz5LrVEmznjxkoo=","AlDODwDQ3QGZ9CXGPyghHOwXpPs1qDOvCcQPgqgkafE="],"block_size":4096,"path":"panel-messaging-push.js"},{"block_hashes":["zA18a3hA6gOPmuftYNZi+mbdttH/LNgd40qqUkBAfto="],"block_size":4096,"path":"panel-messaging-sms.css"},{"block_hashes":["LM6TqKba+ERQIxg4VGwjDdispR8mcpKsZvYMhKX6Vuw=","WUzRlorxPJh4KHAB0o4TIhXl7nguKP4DZ6xWEDoh73o=","jLQLqX4I12wX4UtK/n1AJSIeqv2G5y+4At4Kw5fd/Ms=","nix2WWiVegm0NZQbqK/XcKhZyoUSUMY8uWajWlNR95E="],"block_size":4096,"path":"panel-messaging-sms.js"},{"block_hashes":["n/yNgZrT3KnjS2xQKm3UpBahBCn8LRqGvvrS69hWXV8="],"block_size":4096,"path":"panel-messaging.css"},{"block_hashes":["jA+11xAGS7Mn97islbR9klrlt2t6IciniameJqj5JxQ=","7GS7bqylQdbFlqxazBsXjq1xZu4DZ+BPOvIm1gfAuWA="],"block_size":4096,"path":"panel-messaging.js"},{"block_hashes":["3cPYT9aMe8ONhhAjiEiqUY3cuJtTqYNNLSqqWeo9IZY="],"block_size":4096,"path":"panel-notifications.js"},{"block_hashes":["euHUFxAMHxecFkN3Ow7LiDxmUUzBgiSVldwCg+tneVI="],"block_size":4096,"path":"panel.css"},{"block_hashes":["r48LUiQnj45x5BRDlZ4Se5grTH/h341ams34L1pm83c=","AdoTyhaqr6E0FaDc+/Vc3sxwxzDlvj/Yj2JaXD1ObQo=","k0VEKdGSMF47OfCsSkkR2orPVqOHDXY059vsEEeQpFU="],"block_size":4096,"path":"panel.html"},{"block_hashes":["HHzqrb5zTnFIVjKvxLYMX/+AMsCBv2LeGDd5xhRJ518=","DlgBM03xznhmw4ZlaQDDqcng5TU1KiNKTkR1b07arYQ=","AaskCLdWA/MnUB+PLfhd6Yf0RxYVwyBZNWSWV0g/YXw="],"block_size":4096,"path":"panel.js"},{"block_hashes":["tzbQwhshgTZDL1AyQdcH3QD+Qr4ccP/pWlvyrK7SNi8="],"block_size":4096,"path":"pb.js"},{"block_hashes":["tLdYWEN0Y35wnWaTbH3M0ZwXlyLljNStdHnzIMHY4XE="],"block_size":4096,"path":"picker.css"},{"block_hashes":["eLlliPqPWo/yZaPbSxLZNerAe43wGqXpJp+LFuFe8eE=","ckl+Za4F9rWSpp2fIkzonIT+FWM3RJqSGMxK4iDHsBA="],"block_size":4096,"path":"picker.js"},{"block_hashes":["ges911aIWFm/3qAuRqq6kTKUtsBrVLD5QhioQFYl2dw="],"block_size":4096,"path":"pong.js"},{"block_hashes":["ehy9ZhZ+ojf2RXQQ9D71h1lk+cdSNard3OY2gdINflA=","z8IcMrWtYdx8a+mo4vDBOCZbOd+xnlEckNaHwIAAsc4=","VZKFuB5jRUD1h5D+w8zvuK7RiZGAhnxRl3SEf6PWGJU=","GgOgQ+eexi60vO4UDwixP/1gGyvg1v6neNHVCkdDHjM="],"block_size":4096,"path":"pushes.js"},{"block_hashes":["vMKiKOkjE04uUIqM+uNR4TlouLHTwd+3DKQfUJsT9r0=","35ngUedldWOcz+M67gsZm6rQOeiNqS2Hchhr4Q4OIik=","JvR3AyzVwk0FdecmJtyt7GFKi9cGe55BPhEnAVkMaME="],"block_size":4096,"path":"pushfont.woff"},{"block_hashes":["ASbMZZbvaJUFPb4fbiaWOcJMd8Gw3sUSsIahwExWxX4="],"block_size":4096,"path":"pushing.js"},{"block_hashes":["ZcapdRd+Toon+7v9RtaEd5XqE4NGX18OjxQhwQcZQJM="],"block_size":4096,"path":"quick-reply.css"},{"block_hashes":["JdPCmecSTnx0ThOD85Je2iaKd7N1oDe3MWEHsdaUXc8="],"block_size":4096,"path":"quick-reply.html"},{"block_hashes":["Dmot8KZniUhJX5+alKCdr0ZqVCX6D1waVE4BEKq6mMY="],"block_size":4096,"path":"quick-reply.js"},{"block_hashes":["UU8MOSJEl16SfB3TIHKyzLOrW6cVRc8SKRKecRnTQzM=","RCHqQEut32tS9aAePqwRuQg1U5GMK3+aeOqYRZl9oAE=","VbFjYDbfYCB/g62OSNStqpA6vR9PDL6uxumPDFxc8+Q=","2qwsOSng+tMV2RRacT/xx/FhmzHUYhB1h/GNxiqClWs=","boQBy/beqeLrAa0NaDfZirycSC0e7/d2rTBpSEkvnvM=","+lXC5hu8hUuiJDaYIZ161un28h+m2gQC2m1uMx+lR58=","RiV5TfW3H7DSXi8DahpDd9TtzKRDkD83trgj/vL83Tc=","GRJryda6TxB2FGYP3acxtpMk3/UAe4nLQ7asKKga1vA=","bm232QxR60bwYSWR7fMespekciRPXfYRcaFs82p3XP0="],"block_size":4096,"path":"ribbon.png"},{"block_hashes":["23M33gleGmAJ0gmTTEQoCkyKRoNQ3is7UZxaM0uyYcU="],"block_size":4096,"path":"safari_logo.png"},{"block_hashes":["VrVBhcnzKg1Y6lp/IXK7/UIP3Lxx9WNIFiCijjblUxg="],"block_size":4096,"path":"safari_logo@2x.png"},{"block_hashes":["t4625wfx46o7Twrh/7nx0PHUA7ebrkWPiYss2XSw0Dk="],"block_size":4096,"path":"settings.js"},{"block_hashes":["FqRVKWq7WajZcuTeLjRdvbtz/fVJdmP1eDbUpMtDRi4=","leP/A9bU7NpurA19VFGhNtyIzSaKo0aHsjWZNOJ/4Gs=","lHmWGbvM1OumRSmxQNVF/LB0fMq1PdrWrInaNv1PMuU="],"block_size":4096,"path":"sms.js"},{"block_hashes":["gsbr9mKDxvpoumhS6kdnP9ULLIW7SVT9jdwOVw/RTd8="],"block_size":4096,"path":"tabs.js"},{"block_hashes":["tzy7JUx0nl0VUtpDJFQJCGeSsyX/VW69Ei9ydsQI7nE=","GW5cWcJAHjLpYwvK4+y05s/YwxZNL6lIU5xKuQ+AHVc=","zzW1fkwS5HjIlehN77NYCPJ18GtSqK7jbWQV47zX344=","cGkNPErSpDDZuiwk7p37I62vmjuvpRtCBk09xF739CA=","XG+pSycpE2XRM/7xbxxt5uN5X7L8jiT56U0S8lz9/zQ=","fBv7dl2aDb6mGEivyT0QAympxtCOdjj692XibsiFd6I=","Apuxer+n+SM0MlFFZjHNvmNVbnalth52DdicAvGiZY4=","l3WFUoNB+YNi8Ln3MDI3g3XTqGyVFglFOgH0OeKItZ8=","Heu0LBjq+aen7Vx/Jcm1t1MFjrJStAogieIchXzB6Ug=","G6i6REU3p2r8CXGGmTjAvFmBMBiQ/LrcWqjHfWKqtak=","16+usk79R4svEPdUXeLrLu8Q1/M1bCjR/GDm2R1umzc=","WY/iGHv0VTL9/ONcfmgzTIkwkuVItDGQnE1lhAAK5nY=","+6cxk0FNdYEG3kRbvIAjLGolWfVXYq9+bWTSfZpdxW8=","/5PYt1PRZqUe4uhdGhbMZAIwLI29zRZddrVJRRMgIXA=","RZaT1TrVsZFl/EXGVpyP7vVYusCfpoZfEbIfyhvECU4=","mM0x8gFyzAc3SMBkPFmzE0FKvQEY14Rp9u7WOFu1od8=","90ZO6JOplioZshZOZOoACydVSpMXGFMdobfotGn/P4s=","6HdjLG289k9Pai1MSRsrJgL9Q+sNPMec9kvxuG46/JI=","v4al7mxP7jxBBaFKs7mu1VHaL99k+X/R7Az8Pn17Xiw=","SujLt6EfMDZE16UKBzchweZsVt/M8SDVPCX5xWJiYvc=","d1/w9U7LVopOERFpEboRqZg2atxy78/52/vP3dxWmXA=","Oax3DnsFiztVOPVHZwTn3uBn1shmjDo3H2/S98bYm+k=","ZWxAE2Rfd07H5R20+wMZvzRLq9Xu6yN2ZNJ8gORd7yk=","+1FfWm/MZ9FZTCsYZXWhrAfiW+tspSf3LkefRC97Ysk=","57mMMGPFM12j3j71JAVCf7vQtKr45bP03bAdMdSCiUE=","a12Yt9Sz2qxc53CEMoxtY89xWp3iqcglh98At/qd5+4=","9NoNSoIaV0q8Dwlh6Vr2sQ9uuHNOHPkuB54ayWZytDE=","pqj7z8lW5oJhzVVUNp5eMjjivQqLE5vbphqUPurN3x8=","qR3KkLPwryrYLzeIc3yMUWTpLP7Vx0nDRIg6shvjEik=","hQBCABQWlUxJJOBcj+ccFLzdwZ9x0LBTNTxVJFkcQkg=","/3A71q1E9EElNLw9PdIpbLnuR0zAmXFBYWe5IWin8aQ=","j9MVdjTVGVUwA5UGfzMliaeaSIK6QfCQ0hr75Iwlu4U=","GIqkPhJ3ItL5uD2fIrmX47H/tPzoq7ZgIFkFa94m98k=","0ojfYmNzrWeZGUUZ9Iy5HCzNFA3R9rOnQhz4taXlv8M=","apy28YFFvJjgxqidUksbuNlS7ykPZbHbyfRcDJpli54=","CkhLeTfMU65yDJI1SyfQyMqbmPsj62SxgbFsF9cimz4=","BJYbOTg+ZvVdja/AS9vraUgykS3iBgm+ZBTJYeuMmfE=","Cntv4P6Eegpxvgs0xBwby3NoRleWsBF0Cy4aC241RcA=","3vFsF8A8NpROgnUyXsVhQ1HWB3i08wWWPpFAPcmUzgs=","S1yx7O+m25Nrv2tDG9OH7X5dMnLT/dz9uPIUTv/YtQ0=","Lmi1HcRIgGU2RsrsNI8uamO5+77CDrWVZNvbpwJJ7XU=","j21vUzZeFB5DxUVnKOtXPYq1SQm2ZgHMvXyCHA7xdIs=","lDibj3s3TNBD0xI3daIGoVd+zTo7QLc40n7Dc0pMAwA=","go6OBsKH/SV2Kprnzqc6JcMm1W09Uk4gTZjbmw2MZNc=","oYt+BxBp2GQI9cbtIjoZU2t3h5oSJ/loZNDRN/Cf+ng=","YqX8LY/1fvrO3ZTGC3g1vt5UZuOhROD81Jwnc525PZg=","506bqUSk+M9fDMTOe8dTNsdUh1eKMrH7/AaIT/EOx84=","DYSWDZgKMvhScPOIiUjxTVhhsewdcV6C3pi5L382czk=","sCycDOoiphi6QAj9kFmGtzWXMXQScK5Kqd+F6FEiehE=","fsAS9i8GjXr9FG1qxcH8ZTKigutifVLUS4jZDKBGgcg=","K/H6G66M/VxUXnEzmo3nt1d9z4CynaEwrAdcKu4mgqc=","dV+/h53NEoZY+t56nspiN0L68YpaOgeRqIngQKLiD8E=","k/5jUFfzQMyLVNosibVxx0epFT+pG5PjZeEm2njOv8U=","c5aUoGw3/kZP/l5hnmojy2+2UkxQlR5pqpOdiFjgaFM=","W35cDLh7PhIr9ci9BbOyUzAgzmfvT8+7237kg4exgx4=","DEmdBdPTxdsZWW+WZ7bQywvtw/Hy5T+pFyg4w0FJr0E=","NGLgKB8ELrwqEBiA0S22LxdkKTAYo5CiAFj/2kzJTMk=","esrrmpvbrktomrfOk5jwpYzOjAkndadqjsgcIP2NnVI=","8Rjo2g/pmnojSPcDXAFxLW2WF9clKsyOGUJKHYTEwUw=","S2GAKeMXWZQXA9IO6+ILeOSnn0keW+CyflV5hJApk8c=","giuuxX53Lopq1SuRpwVjRpCE6p8Rdcq3m9iAjBXD8nA=","ZhO5YJ8R8V7MqBnWyPl547XpmLw6L5p1HwdkTCVft/4=","DZz+/XQkyLlJq9AmCWuody5wbszmnWZSnTxJ9rxk+hA=","fHGreUpIOKs7XtnJNWFY0VGGNPTUHyN6TDmGal5M10E=","WdJPxHcecyJt9NiCbmMOslEPGLcZzXaHdYvrajYfbos=","JKUBui0bi4Vk66DhgvX7qG0cU2E2bWvnJLXkhRrPy6s=","tUqJZ/orxrn6wEXi3/2IuzhgnQgwvYhVaJHj7OF+wGU=","L8U62boum8mgO3mRBf+PAdtJts6fPIjfyv2WpoSWfy0="],"block_size":4096,"path":"text.js"},{"block_hashes":["zjWicoGyz8/S6aevuSCwtEFIbVriMMZY+DINL8tlcxU=","WdOhsmS17wOEDJ42loYys+NCquDLsUIKFH9zL9ODEbQ="],"block_size":4096,"path":"track_chat.png"},{"block_hashes":["8X5YkXo8HSGmTtZAZzWK3AQUyE9JuaqjmFkRE37BE2c=","D4deueNuEoHgRirXlRShavkpQn+FSiHTvB5Og5dQPHw=","RUmTl0oXFvQaZAQWEmfwSzAVLxUNCkjEiooGK52pZgw="],"block_size":4096,"path":"track_files.png"},{"block_hashes":["qzIbDP380zzPYbrerFi1jF43WA/HzmfE/Lj29E8FujY=","SNiesdDcTII5IDGzf/VD5e0g+YKPn7kVJ+PZ1GfqYfI=","LVZa7GHXHnAhaANLw9KEGTjhOCrK3eP5BY9pe2hCF+Q="],"block_size":4096,"path":"track_links.png"},{"block_hashes":["X2d3MNeL4obcLDSHbWd52WVGdDZ1/l76TzPtarLeEq8="],"block_size":4096,"path":"upload.png"},{"block_hashes":["e3QYC2+Kh93b6jagaiKGC8EQPvgYk/NfmfIu2avLjI4=","p5xiowELUcIoAX3G+fS8vBVMHd0Z3EpvJYv8BTTFEdg=","Vekcj41QtTfKCnnt0H0B/H9qiLVAdTUF7Z8YLcPdBnY="],"block_size":4096,"path":"utils.js"},{"block_hashes":["2gkbkI9MRMAlJyJjNbMqfJgm2EHIV9iI2mcJq7MVpg8="],"block_size":4096,"path":"x-ray.html"},{"block_hashes":["3Z2DulA7uiW6/ay12TD1kwzCWo+9qkFLhM5D5hRVd9k="],"block_size":4096,"path":"x-ray.js"}],"version":2}